--
-- PostgreSQL database dump
--

-- Dumped from database version 14.4
-- Dumped by pg_dump version 14.4

SET statement_timeout = 0;
SET lock_timeout = 0;
SET idle_in_transaction_session_timeout = 0;
SET client_encoding = 'UTF8';
SET standard_conforming_strings = on;
SELECT pg_catalog.set_config('search_path', '', false);
SET check_function_bodies = false;
SET xmloption = content;
SET client_min_messages = warning;
SET row_security = off;

SET default_tablespace = '';

SET default_table_access_method = heap;

--
-- Name: auth_group; Type: TABLE; Schema: public; Owner: postgres
--

CREATE TABLE public.auth_group (
    id integer NOT NULL,
    name character varying(150) NOT NULL
);


ALTER TABLE public.auth_group OWNER TO postgres;

--
-- Name: auth_group_id_seq; Type: SEQUENCE; Schema: public; Owner: postgres
--

ALTER TABLE public.auth_group ALTER COLUMN id ADD GENERATED BY DEFAULT AS IDENTITY (
    SEQUENCE NAME public.auth_group_id_seq
    START WITH 1
    INCREMENT BY 1
    NO MINVALUE
    NO MAXVALUE
    CACHE 1
);


--
-- Name: auth_group_permissions; Type: TABLE; Schema: public; Owner: postgres
--

CREATE TABLE public.auth_group_permissions (
    id bigint NOT NULL,
    group_id integer NOT NULL,
    permission_id integer NOT NULL
);


ALTER TABLE public.auth_group_permissions OWNER TO postgres;

--
-- Name: auth_group_permissions_id_seq; Type: SEQUENCE; Schema: public; Owner: postgres
--

ALTER TABLE public.auth_group_permissions ALTER COLUMN id ADD GENERATED BY DEFAULT AS IDENTITY (
    SEQUENCE NAME public.auth_group_permissions_id_seq
    START WITH 1
    INCREMENT BY 1
    NO MINVALUE
    NO MAXVALUE
    CACHE 1
);


--
-- Name: auth_permission; Type: TABLE; Schema: public; Owner: postgres
--

CREATE TABLE public.auth_permission (
    id integer NOT NULL,
    name character varying(255) NOT NULL,
    content_type_id integer NOT NULL,
    codename character varying(100) NOT NULL
);


ALTER TABLE public.auth_permission OWNER TO postgres;

--
-- Name: auth_permission_id_seq; Type: SEQUENCE; Schema: public; Owner: postgres
--

ALTER TABLE public.auth_permission ALTER COLUMN id ADD GENERATED BY DEFAULT AS IDENTITY (
    SEQUENCE NAME public.auth_permission_id_seq
    START WITH 1
    INCREMENT BY 1
    NO MINVALUE
    NO MAXVALUE
    CACHE 1
);


--
-- Name: auth_user; Type: TABLE; Schema: public; Owner: postgres
--

CREATE TABLE public.auth_user (
    id integer NOT NULL,
    password character varying(128) NOT NULL,
    last_login timestamp with time zone,
    is_superuser boolean NOT NULL,
    username character varying(150) NOT NULL,
    first_name character varying(150) NOT NULL,
    last_name character varying(150) NOT NULL,
    email character varying(254) NOT NULL,
    is_staff boolean NOT NULL,
    is_active boolean NOT NULL,
    date_joined timestamp with time zone NOT NULL
);


ALTER TABLE public.auth_user OWNER TO postgres;

--
-- Name: auth_user_groups; Type: TABLE; Schema: public; Owner: postgres
--

CREATE TABLE public.auth_user_groups (
    id bigint NOT NULL,
    user_id integer NOT NULL,
    group_id integer NOT NULL
);


ALTER TABLE public.auth_user_groups OWNER TO postgres;

--
-- Name: auth_user_groups_id_seq; Type: SEQUENCE; Schema: public; Owner: postgres
--

ALTER TABLE public.auth_user_groups ALTER COLUMN id ADD GENERATED BY DEFAULT AS IDENTITY (
    SEQUENCE NAME public.auth_user_groups_id_seq
    START WITH 1
    INCREMENT BY 1
    NO MINVALUE
    NO MAXVALUE
    CACHE 1
);


--
-- Name: auth_user_id_seq; Type: SEQUENCE; Schema: public; Owner: postgres
--

ALTER TABLE public.auth_user ALTER COLUMN id ADD GENERATED BY DEFAULT AS IDENTITY (
    SEQUENCE NAME public.auth_user_id_seq
    START WITH 1
    INCREMENT BY 1
    NO MINVALUE
    NO MAXVALUE
    CACHE 1
);


--
-- Name: auth_user_user_permissions; Type: TABLE; Schema: public; Owner: postgres
--

CREATE TABLE public.auth_user_user_permissions (
    id bigint NOT NULL,
    user_id integer NOT NULL,
    permission_id integer NOT NULL
);


ALTER TABLE public.auth_user_user_permissions OWNER TO postgres;

--
-- Name: auth_user_user_permissions_id_seq; Type: SEQUENCE; Schema: public; Owner: postgres
--

ALTER TABLE public.auth_user_user_permissions ALTER COLUMN id ADD GENERATED BY DEFAULT AS IDENTITY (
    SEQUENCE NAME public.auth_user_user_permissions_id_seq
    START WITH 1
    INCREMENT BY 1
    NO MINVALUE
    NO MAXVALUE
    CACHE 1
);


--
-- Name: authtoken_token; Type: TABLE; Schema: public; Owner: postgres
--

CREATE TABLE public.authtoken_token (
    key character varying(40) NOT NULL,
    created timestamp with time zone NOT NULL,
    user_id integer NOT NULL
);


ALTER TABLE public.authtoken_token OWNER TO postgres;

--
-- Name: django_admin_log; Type: TABLE; Schema: public; Owner: postgres
--

CREATE TABLE public.django_admin_log (
    id integer NOT NULL,
    action_time timestamp with time zone NOT NULL,
    object_id text,
    object_repr character varying(200) NOT NULL,
    action_flag smallint NOT NULL,
    change_message text NOT NULL,
    content_type_id integer,
    user_id integer NOT NULL,
    CONSTRAINT django_admin_log_action_flag_check CHECK ((action_flag >= 0))
);


ALTER TABLE public.django_admin_log OWNER TO postgres;

--
-- Name: django_admin_log_id_seq; Type: SEQUENCE; Schema: public; Owner: postgres
--

ALTER TABLE public.django_admin_log ALTER COLUMN id ADD GENERATED BY DEFAULT AS IDENTITY (
    SEQUENCE NAME public.django_admin_log_id_seq
    START WITH 1
    INCREMENT BY 1
    NO MINVALUE
    NO MAXVALUE
    CACHE 1
);


--
-- Name: django_content_type; Type: TABLE; Schema: public; Owner: postgres
--

CREATE TABLE public.django_content_type (
    id integer NOT NULL,
    app_label character varying(100) NOT NULL,
    model character varying(100) NOT NULL
);


ALTER TABLE public.django_content_type OWNER TO postgres;

--
-- Name: django_content_type_id_seq; Type: SEQUENCE; Schema: public; Owner: postgres
--

ALTER TABLE public.django_content_type ALTER COLUMN id ADD GENERATED BY DEFAULT AS IDENTITY (
    SEQUENCE NAME public.django_content_type_id_seq
    START WITH 1
    INCREMENT BY 1
    NO MINVALUE
    NO MAXVALUE
    CACHE 1
);


--
-- Name: django_migrations; Type: TABLE; Schema: public; Owner: postgres
--

CREATE TABLE public.django_migrations (
    id bigint NOT NULL,
    app character varying(255) NOT NULL,
    name character varying(255) NOT NULL,
    applied timestamp with time zone NOT NULL
);


ALTER TABLE public.django_migrations OWNER TO postgres;

--
-- Name: django_migrations_id_seq; Type: SEQUENCE; Schema: public; Owner: postgres
--

ALTER TABLE public.django_migrations ALTER COLUMN id ADD GENERATED BY DEFAULT AS IDENTITY (
    SEQUENCE NAME public.django_migrations_id_seq
    START WITH 1
    INCREMENT BY 1
    NO MINVALUE
    NO MAXVALUE
    CACHE 1
);


--
-- Name: django_session; Type: TABLE; Schema: public; Owner: postgres
--

CREATE TABLE public.django_session (
    session_key character varying(40) NOT NULL,
    session_data text NOT NULL,
    expire_date timestamp with time zone NOT NULL
);


ALTER TABLE public.django_session OWNER TO postgres;

--
-- Name: sites_page; Type: TABLE; Schema: public; Owner: postgres
--

CREATE TABLE public.sites_page (
    name character varying(200) NOT NULL,
    address character varying(200) NOT NULL,
    menu_position integer,
    created_at timestamp with time zone NOT NULL,
    last_modified timestamp with time zone NOT NULL,
    website_id bigint NOT NULL
);


ALTER TABLE public.sites_page OWNER TO postgres;

--
-- Name: sites_section; Type: TABLE; Schema: public; Owner: postgres
--

CREATE TABLE public.sites_section (
    id bigint NOT NULL,
    name character varying(200) NOT NULL,
    html_content text NOT NULL,
    created_at timestamp with time zone NOT NULL,
    last_modified timestamp with time zone NOT NULL,
    page_id character varying(200),
    page_position integer
);


ALTER TABLE public.sites_section OWNER TO postgres;

--
-- Name: sites_section_id_seq; Type: SEQUENCE; Schema: public; Owner: postgres
--

ALTER TABLE public.sites_section ALTER COLUMN id ADD GENERATED BY DEFAULT AS IDENTITY (
    SEQUENCE NAME public.sites_section_id_seq
    START WITH 1
    INCREMENT BY 1
    NO MINVALUE
    NO MAXVALUE
    CACHE 1
);


--
-- Name: sites_website; Type: TABLE; Schema: public; Owner: postgres
--

CREATE TABLE public.sites_website (
    id bigint NOT NULL,
    name character varying(200) NOT NULL,
    background character varying(7) NOT NULL
);


ALTER TABLE public.sites_website OWNER TO postgres;

--
-- Name: sites_website_id_seq; Type: SEQUENCE; Schema: public; Owner: postgres
--

ALTER TABLE public.sites_website ALTER COLUMN id ADD GENERATED BY DEFAULT AS IDENTITY (
    SEQUENCE NAME public.sites_website_id_seq
    START WITH 1
    INCREMENT BY 1
    NO MINVALUE
    NO MAXVALUE
    CACHE 1
);


--
-- Name: users_profile; Type: TABLE; Schema: public; Owner: postgres
--

CREATE TABLE public.users_profile (
    id bigint NOT NULL,
    user_id integer NOT NULL,
    website_id bigint NOT NULL
);


ALTER TABLE public.users_profile OWNER TO postgres;

--
-- Name: users_profile_id_seq; Type: SEQUENCE; Schema: public; Owner: postgres
--

ALTER TABLE public.users_profile ALTER COLUMN id ADD GENERATED BY DEFAULT AS IDENTITY (
    SEQUENCE NAME public.users_profile_id_seq
    START WITH 1
    INCREMENT BY 1
    NO MINVALUE
    NO MAXVALUE
    CACHE 1
);


--
-- Data for Name: auth_group; Type: TABLE DATA; Schema: public; Owner: postgres
--

COPY public.auth_group (id, name) FROM stdin;
\.


--
-- Data for Name: auth_group_permissions; Type: TABLE DATA; Schema: public; Owner: postgres
--

COPY public.auth_group_permissions (id, group_id, permission_id) FROM stdin;
\.


--
-- Data for Name: auth_permission; Type: TABLE DATA; Schema: public; Owner: postgres
--

COPY public.auth_permission (id, name, content_type_id, codename) FROM stdin;
1	Can add log entry	1	add_logentry
2	Can change log entry	1	change_logentry
3	Can delete log entry	1	delete_logentry
4	Can view log entry	1	view_logentry
5	Can add permission	2	add_permission
6	Can change permission	2	change_permission
7	Can delete permission	2	delete_permission
8	Can view permission	2	view_permission
9	Can add group	3	add_group
10	Can change group	3	change_group
11	Can delete group	3	delete_group
12	Can view group	3	view_group
13	Can add user	4	add_user
14	Can change user	4	change_user
15	Can delete user	4	delete_user
16	Can view user	4	view_user
17	Can add content type	5	add_contenttype
18	Can change content type	5	change_contenttype
19	Can delete content type	5	delete_contenttype
20	Can view content type	5	view_contenttype
21	Can add session	6	add_session
22	Can change session	6	change_session
23	Can delete session	6	delete_session
24	Can view session	6	view_session
25	Can add Token	7	add_token
26	Can change Token	7	change_token
27	Can delete Token	7	delete_token
28	Can view Token	7	view_token
29	Can add token	8	add_tokenproxy
30	Can change token	8	change_tokenproxy
31	Can delete token	8	delete_tokenproxy
32	Can view token	8	view_tokenproxy
33	Can add website	9	add_website
34	Can change website	9	change_website
35	Can delete website	9	delete_website
36	Can view website	9	view_website
37	Can add section	10	add_section
38	Can change section	10	change_section
39	Can delete section	10	delete_section
40	Can view section	10	view_section
41	Can add page	11	add_page
42	Can change page	11	change_page
43	Can delete page	11	delete_page
44	Can view page	11	view_page
45	Can add profile	12	add_profile
46	Can change profile	12	change_profile
47	Can delete profile	12	delete_profile
48	Can view profile	12	view_profile
49	Can add page section	13	add_pagesection
50	Can change page section	13	change_pagesection
51	Can delete page section	13	delete_pagesection
52	Can view page section	13	view_pagesection
\.


--
-- Data for Name: auth_user; Type: TABLE DATA; Schema: public; Owner: postgres
--

COPY public.auth_user (id, password, last_login, is_superuser, username, first_name, last_name, email, is_staff, is_active, date_joined) FROM stdin;
1	pbkdf2_sha256$390000$Kvw0z5xfdJDGP9IMdAf3M8$YeCA+lSl4p++hy7UfDgWiD1fXhOXXr8MpoqJobptXh0=	2023-03-01 15:14:39.647113+01	t	test			test@test.com	t	t	2023-01-07 12:28:43.863618+01
\.


--
-- Data for Name: auth_user_groups; Type: TABLE DATA; Schema: public; Owner: postgres
--

COPY public.auth_user_groups (id, user_id, group_id) FROM stdin;
\.


--
-- Data for Name: auth_user_user_permissions; Type: TABLE DATA; Schema: public; Owner: postgres
--

COPY public.auth_user_user_permissions (id, user_id, permission_id) FROM stdin;
\.


--
-- Data for Name: authtoken_token; Type: TABLE DATA; Schema: public; Owner: postgres
--

COPY public.authtoken_token (key, created, user_id) FROM stdin;
64be19d7882ab7f2035941dfb4408b6c3237fcd1	2023-01-07 12:30:45.815034+01	1
\.


--
-- Data for Name: django_admin_log; Type: TABLE DATA; Schema: public; Owner: postgres
--

COPY public.django_admin_log (id, action_time, object_id, object_repr, action_flag, change_message, content_type_id, user_id) FROM stdin;
\.


--
-- Data for Name: django_content_type; Type: TABLE DATA; Schema: public; Owner: postgres
--

COPY public.django_content_type (id, app_label, model) FROM stdin;
1	admin	logentry
2	auth	permission
3	auth	group
4	auth	user
5	contenttypes	contenttype
6	sessions	session
7	authtoken	token
8	authtoken	tokenproxy
9	sites	website
10	sites	section
11	sites	page
12	users	profile
13	sites	pagesection
\.


--
-- Data for Name: django_migrations; Type: TABLE DATA; Schema: public; Owner: postgres
--

COPY public.django_migrations (id, app, name, applied) FROM stdin;
1	contenttypes	0001_initial	2023-01-07 12:27:49.901476+01
2	auth	0001_initial	2023-01-07 12:27:49.979476+01
3	admin	0001_initial	2023-01-07 12:27:50.001475+01
4	admin	0002_logentry_remove_auto_add	2023-01-07 12:27:50.008476+01
5	admin	0003_logentry_add_action_flag_choices	2023-01-07 12:27:50.015476+01
6	contenttypes	0002_remove_content_type_name	2023-01-07 12:27:50.033476+01
7	auth	0002_alter_permission_name_max_length	2023-01-07 12:27:50.039476+01
8	auth	0003_alter_user_email_max_length	2023-01-07 12:27:50.047476+01
9	auth	0004_alter_user_username_opts	2023-01-07 12:27:50.053476+01
10	auth	0005_alter_user_last_login_null	2023-01-07 12:27:50.059476+01
11	auth	0006_require_contenttypes_0002	2023-01-07 12:27:50.062477+01
12	auth	0007_alter_validators_add_error_messages	2023-01-07 12:27:50.068476+01
13	auth	0008_alter_user_username_max_length	2023-01-07 12:27:50.079476+01
14	auth	0009_alter_user_last_name_max_length	2023-01-07 12:27:50.085476+01
15	auth	0010_alter_group_name_max_length	2023-01-07 12:27:50.094477+01
16	auth	0011_update_proxy_permissions	2023-01-07 12:27:50.101476+01
17	auth	0012_alter_user_first_name_max_length	2023-01-07 12:27:50.107477+01
18	authtoken	0001_initial	2023-01-07 12:27:50.123476+01
19	authtoken	0002_auto_20160226_1747	2023-01-07 12:27:50.144476+01
20	authtoken	0003_tokenproxy	2023-01-07 12:27:50.147476+01
21	sessions	0001_initial	2023-01-07 12:27:50.159477+01
22	sites	0001_initial	2023-01-07 12:44:47.225407+01
23	users	0001_initial	2023-01-07 12:50:17.489559+01
24	sites	0002_remove_page_id_remove_section_page_and_more	2023-01-08 12:42:45.408411+01
25	sites	0003_section_page_section_page_position_and_more	2023-01-08 12:58:02.132311+01
26	sites	0004_alter_section_page_alter_section_page_position	2023-01-08 13:28:32.55498+01
27	sites	0005_alter_section_page_position	2023-01-08 13:28:49.811207+01
28	sites	0006_alter_page_menu_position	2023-01-08 14:45:12.87146+01
\.


--
-- Data for Name: django_session; Type: TABLE DATA; Schema: public; Owner: postgres
--

COPY public.django_session (session_key, session_data, expire_date) FROM stdin;
9w8667156biih26iq4kq5btddyauicvv	.eJxVjEsKwjAUAO-StYSkfWmqS_c9Q3g_TVUS6Gcl3l0CXeh2Zpi3SbhvOe2rLmkWczHenH4ZIT-1NCEPLPdquZZtmcm2xB52tVMVfV2P9m-Qcc1t2wcCZBVgjywjEvjIOEaJPDh0eAtAvXR0HiJ0QF5igODYq4oqgPl8AQZTOKU:1pE7PR:M3t7vROWEv1_2DS9-0XRfEznslbzpd2Agc29EtnI5Q8	2023-01-21 12:30:45.823035+01
v5fwvl6rnnzb0dvq11w6uhuwe0l31rip	.eJxVjEsKwjAUAO-StYSkfWmqS_c9Q3g_TVUS6Gcl3l0CXeh2Zpi3SbhvOe2rLmkWczHenH4ZIT-1NCEPLPdquZZtmcm2xB52tVMVfV2P9m-Qcc1t2wcCZBVgjywjEvjIOEaJPDh0eAtAvXR0HiJ0QF5igODYq4oqgPl8AQZTOKU:1pFbC1:ey-L4vI1Q_F8FlMBBeBAaZcQ6ADU3Y6LZXqs_uuzFnw	2023-01-25 14:31:01.434542+01
mel2jvgym151z3cvfbaekh80sg48fzth	.eJxVjEsKwjAUAO-StYSkfWmqS_c9Q3g_TVUS6Gcl3l0CXeh2Zpi3SbhvOe2rLmkWczHenH4ZIT-1NCEPLPdquZZtmcm2xB52tVMVfV2P9m-Qcc1t2wcCZBVgjywjEvjIOEaJPDh0eAtAvXR0HiJ0QF5igODYq4oqgPl8AQZTOKU:1pFbsM:_kXqNg4YlnOTUdTBgGPcVZumajAeDVbljB792hauvg8	2023-01-25 15:14:46.362869+01
3c6u33i87scrzk4bpbrg7l0m79ts1myz	.eJxVjEsKwjAUAO-StYSkfWmqS_c9Q3g_TVUS6Gcl3l0CXeh2Zpi3SbhvOe2rLmkWczHenH4ZIT-1NCEPLPdquZZtmcm2xB52tVMVfV2P9m-Qcc1t2wcCZBVgjywjEvjIOEaJPDh0eAtAvXR0HiJ0QF5igODYq4oqgPl8AQZTOKU:1pFbuv:uSQBrxvyGchoNElYu5gE9A6ny3mDrgRGJ4GYMvVHrw8	2023-01-25 15:17:25.911837+01
gswxohob7wit0ednnzpdfa9n1grluebu	.eJxVjEsKwjAUAO-StYSkfWmqS_c9Q3g_TVUS6Gcl3l0CXeh2Zpi3SbhvOe2rLmkWczHenH4ZIT-1NCEPLPdquZZtmcm2xB52tVMVfV2P9m-Qcc1t2wcCZBVgjywjEvjIOEaJPDh0eAtAvXR0HiJ0QF5igODYq4oqgPl8AQZTOKU:1pFbzp:2LPHDgoo93cqRD7kqEUgEzCAzaaOgIPL_GKhJCvRrq4	2023-01-25 15:22:29.998472+01
wz08pqrmmex0w0bvqk0y7rnlv7w26b0i	.eJxVjEsKwjAUAO-StYSkfWmqS_c9Q3g_TVUS6Gcl3l0CXeh2Zpi3SbhvOe2rLmkWczHenH4ZIT-1NCEPLPdquZZtmcm2xB52tVMVfV2P9m-Qcc1t2wcCZBVgjywjEvjIOEaJPDh0eAtAvXR0HiJ0QF5igODYq4oqgPl8AQZTOKU:1pFc1y:PQz2dZmxnJO5RgY9GCqEYpKvYggc5Ds521wZ1EMCZZ8	2023-01-25 15:24:42.270983+01
he0kh6lueutthhkgcuaiehevh205kuw8	.eJxVjEsKwjAUAO-StYSkfWmqS_c9Q3g_TVUS6Gcl3l0CXeh2Zpi3SbhvOe2rLmkWczHenH4ZIT-1NCEPLPdquZZtmcm2xB52tVMVfV2P9m-Qcc1t2wcCZBVgjywjEvjIOEaJPDh0eAtAvXR0HiJ0QF5igODYq4oqgPl8AQZTOKU:1pFcIJ:S-77Zg3e-SSVuqQZz6_lSpYQtYw8noDRFBOn2Yo4a0c	2023-01-25 15:41:35.639294+01
owqvzxtehkfkh4tre2i4bt5ry3huwlqk	.eJxVjEsKwjAUAO-StYSkfWmqS_c9Q3g_TVUS6Gcl3l0CXeh2Zpi3SbhvOe2rLmkWczHenH4ZIT-1NCEPLPdquZZtmcm2xB52tVMVfV2P9m-Qcc1t2wcCZBVgjywjEvjIOEaJPDh0eAtAvXR0HiJ0QF5igODYq4oqgPl8AQZTOKU:1pH3gE:-lhtdrcBg597dT1QEvoAU4tfcePrBb0SD4QLovBEHPY	2023-01-29 15:08:14.659157+01
ko8tdtt706n1kyduzwtyzs6jfoxapa91	.eJxVjEsKwjAUAO-StYSkfWmqS_c9Q3g_TVUS6Gcl3l0CXeh2Zpi3SbhvOe2rLmkWczHenH4ZIT-1NCEPLPdquZZtmcm2xB52tVMVfV2P9m-Qcc1t2wcCZBVgjywjEvjIOEaJPDh0eAtAvXR0HiJ0QF5igODYq4oqgPl8AQZTOKU:1pH4BN:OObW9k6nIWbaFP6AbausvXXnJfH8h7hLV0ZlaFAOoRE	2023-01-29 15:40:25.9831+01
udbvki4woh5h2mvjg4grs8br3t51kfnk	.eJxVjEsKwjAUAO-StYSkfWmqS_c9Q3g_TVUS6Gcl3l0CXeh2Zpi3SbhvOe2rLmkWczHenH4ZIT-1NCEPLPdquZZtmcm2xB52tVMVfV2P9m-Qcc1t2wcCZBVgjywjEvjIOEaJPDh0eAtAvXR0HiJ0QF5igODYq4oqgPl8AQZTOKU:1pHSop:6cDWNnj0Jcpye83SjK4qlqOHxV0CjKiRh4-3HxsOegw	2023-01-30 17:58:47.489223+01
lfmrd47scanhne0wqevfc8h9thx2o7qt	.eJxVjEsKwjAUAO-StYSkfWmqS_c9Q3g_TVUS6Gcl3l0CXeh2Zpi3SbhvOe2rLmkWczHenH4ZIT-1NCEPLPdquZZtmcm2xB52tVMVfV2P9m-Qcc1t2wcCZBVgjywjEvjIOEaJPDh0eAtAvXR0HiJ0QF5igODYq4oqgPl8AQZTOKU:1pHjnJ:FDVLjMHMr_JkU5epo1RI7jWJwohv5dMTGrDXgxiH4JA	2023-01-31 12:06:21.674465+01
i751ve1kvfot9ie7rni823dobkl2r6bb	.eJxVjEsKwjAUAO-StYSkfWmqS_c9Q3g_TVUS6Gcl3l0CXeh2Zpi3SbhvOe2rLmkWczHenH4ZIT-1NCEPLPdquZZtmcm2xB52tVMVfV2P9m-Qcc1t2wcCZBVgjywjEvjIOEaJPDh0eAtAvXR0HiJ0QF5igODYq4oqgPl8AQZTOKU:1pHkbH:7YguTLXno9lybz8S4p4rgzvIRNqfLFwRjOF3Y0vpCp8	2023-01-31 12:57:59.015783+01
1lp8ftt2mo095wv18u5f09vnhkpntblo	.eJxVjEsKwjAUAO-StYSkfWmqS_c9Q3g_TVUS6Gcl3l0CXeh2Zpi3SbhvOe2rLmkWczHenH4ZIT-1NCEPLPdquZZtmcm2xB52tVMVfV2P9m-Qcc1t2wcCZBVgjywjEvjIOEaJPDh0eAtAvXR0HiJ0QF5igODYq4oqgPl8AQZTOKU:1pXKGk:U1SEzev-vkIvTdJ2XtXchovqcp2gnx-Rf2nN5GKPUQk	2023-03-15 12:05:10.701338+01
5p8w99yxdhe9qt9jaa2d7qtxnyd3x6ex	.eJxVjEsKwjAUAO-StYSkfWmqS_c9Q3g_TVUS6Gcl3l0CXeh2Zpi3SbhvOe2rLmkWczHenH4ZIT-1NCEPLPdquZZtmcm2xB52tVMVfV2P9m-Qcc1t2wcCZBVgjywjEvjIOEaJPDh0eAtAvXR0HiJ0QF5igODYq4oqgPl8AQZTOKU:1pXKw7:hnOhntbjPQ4hgvVawluvyP7g3LUP8bhCM7xrSnlzvTo	2023-03-15 12:47:55.510881+01
eajjg4chzfa0mjknov93uftq93kbsgtu	.eJxVjEsKwjAUAO-StYSkfWmqS_c9Q3g_TVUS6Gcl3l0CXeh2Zpi3SbhvOe2rLmkWczHenH4ZIT-1NCEPLPdquZZtmcm2xB52tVMVfV2P9m-Qcc1t2wcCZBVgjywjEvjIOEaJPDh0eAtAvXR0HiJ0QF5igODYq4oqgPl8AQZTOKU:1pXMPL:ws_si4B2rLZQ4BBEG-t483N4Kr9S8-jVMVOMGq__nm0	2023-03-15 14:22:11.901736+01
0mr1pkdmbk2lg5u4uehfg4acbq57phyt	.eJxVjEsKwjAUAO-StYSkfWmqS_c9Q3g_TVUS6Gcl3l0CXeh2Zpi3SbhvOe2rLmkWczHenH4ZIT-1NCEPLPdquZZtmcm2xB52tVMVfV2P9m-Qcc1t2wcCZBVgjywjEvjIOEaJPDh0eAtAvXR0HiJ0QF5igODYq4oqgPl8AQZTOKU:1pXN03:Zo0ajjpnD4zi0mx56h1C0N3tDGNmFeQIEZ3HNDOzsp8	2023-03-15 15:00:07.880543+01
7g41n9wz8f4qyd22e8zuss5g6105n545	.eJxVjEsKwjAUAO-StYSkfWmqS_c9Q3g_TVUS6Gcl3l0CXeh2Zpi3SbhvOe2rLmkWczHenH4ZIT-1NCEPLPdquZZtmcm2xB52tVMVfV2P9m-Qcc1t2wcCZBVgjywjEvjIOEaJPDh0eAtAvXR0HiJ0QF5igODYq4oqgPl8AQZTOKU:1pXN0B:MoWgChU5rIcpI5kQmiDnwwzPXA_I8TD368D7EJZspF8	2023-03-15 15:00:15.075549+01
3o048d0hk6qzn8xdtczccrqoyngkfc4h	.eJxVjEsKwjAUAO-StYSkfWmqS_c9Q3g_TVUS6Gcl3l0CXeh2Zpi3SbhvOe2rLmkWczHenH4ZIT-1NCEPLPdquZZtmcm2xB52tVMVfV2P9m-Qcc1t2wcCZBVgjywjEvjIOEaJPDh0eAtAvXR0HiJ0QF5igODYq4oqgPl8AQZTOKU:1pXN1b:Wzs33yfFRSEWbg95HxmkuoqRmqftxylaWuGD6oZbON8	2023-03-15 15:01:43.152062+01
o4t9pa6t3kmejuarh8cda5mj83j3asg3	.eJxVjEsKwjAUAO-StYSkfWmqS_c9Q3g_TVUS6Gcl3l0CXeh2Zpi3SbhvOe2rLmkWczHenH4ZIT-1NCEPLPdquZZtmcm2xB52tVMVfV2P9m-Qcc1t2wcCZBVgjywjEvjIOEaJPDh0eAtAvXR0HiJ0QF5igODYq4oqgPl8AQZTOKU:1pXN1l:Ax2FZY7apbUldqKpXGxH9p34TlgZurlVDI7gZ1SH3M4	2023-03-15 15:01:53.616719+01
d3482ponxu0a272lipef1d90dhs7445s	.eJxVjEsKwjAUAO-StYSkfWmqS_c9Q3g_TVUS6Gcl3l0CXeh2Zpi3SbhvOe2rLmkWczHenH4ZIT-1NCEPLPdquZZtmcm2xB52tVMVfV2P9m-Qcc1t2wcCZBVgjywjEvjIOEaJPDh0eAtAvXR0HiJ0QF5igODYq4oqgPl8AQZTOKU:1pXN2C:X9euYVNr4BLvlq_drSpxE_owXO5HNdS1WCA6vi2sIPA	2023-03-15 15:02:20.658589+01
azstgcs11ff76el3df4zls1s9kq06oq1	.eJxVjEsKwjAUAO-StYSkfWmqS_c9Q3g_TVUS6Gcl3l0CXeh2Zpi3SbhvOe2rLmkWczHenH4ZIT-1NCEPLPdquZZtmcm2xB52tVMVfV2P9m-Qcc1t2wcCZBVgjywjEvjIOEaJPDh0eAtAvXR0HiJ0QF5igODYq4oqgPl8AQZTOKU:1pXN2b:xn4Qf99J7XlsDOft9e5r_m8WHz2tz-NqfXCd3QxXaCM	2023-03-15 15:02:45.145489+01
8wcea8tal8xn2hy3vaae1heaz480irrn	.eJxVjEsKwjAUAO-StYSkfWmqS_c9Q3g_TVUS6Gcl3l0CXeh2Zpi3SbhvOe2rLmkWczHenH4ZIT-1NCEPLPdquZZtmcm2xB52tVMVfV2P9m-Qcc1t2wcCZBVgjywjEvjIOEaJPDh0eAtAvXR0HiJ0QF5igODYq4oqgPl8AQZTOKU:1pXN3D:5FJe2Y9V2pjKXT0C0fzFIfEIbAzgCgPyZGdkzzc7wqI	2023-03-15 15:03:23.34897+01
6hogrsbqx446sjbk0tchp6yl848f3pke	.eJxVjEsKwjAUAO-StYSkfWmqS_c9Q3g_TVUS6Gcl3l0CXeh2Zpi3SbhvOe2rLmkWczHenH4ZIT-1NCEPLPdquZZtmcm2xB52tVMVfV2P9m-Qcc1t2wcCZBVgjywjEvjIOEaJPDh0eAtAvXR0HiJ0QF5igODYq4oqgPl8AQZTOKU:1pXN4v:mLC6Pe-JESLI2DxaGp8IzxrCXmt9MyrxnNd6hpp9NTw	2023-03-15 15:05:09.365917+01
ajaq7yox7c4rkwe8iy93ov73fvws0ltl	.eJxVjEsKwjAUAO-StYSkfWmqS_c9Q3g_TVUS6Gcl3l0CXeh2Zpi3SbhvOe2rLmkWczHenH4ZIT-1NCEPLPdquZZtmcm2xB52tVMVfV2P9m-Qcc1t2wcCZBVgjywjEvjIOEaJPDh0eAtAvXR0HiJ0QF5igODYq4oqgPl8AQZTOKU:1pXN5H:cxo6mLZJ3Q0awgDH0gf6j1IbqnrbzoRYWbfM_0nDSDg	2023-03-15 15:05:31.570439+01
wv10csa44cxwfti1ds5xlnq6zi18mbnb	.eJxVjEsKwjAUAO-StYSkfWmqS_c9Q3g_TVUS6Gcl3l0CXeh2Zpi3SbhvOe2rLmkWczHenH4ZIT-1NCEPLPdquZZtmcm2xB52tVMVfV2P9m-Qcc1t2wcCZBVgjywjEvjIOEaJPDh0eAtAvXR0HiJ0QF5igODYq4oqgPl8AQZTOKU:1pXN61:2BkL2lxpepKkkApE05HW7zj0lfRbrI7CUEmQsoMMHcQ	2023-03-15 15:06:17.26561+01
6azjgccvwbecjft7az473l8u0cjtim3d	.eJxVjEsKwjAUAO-StYSkfWmqS_c9Q3g_TVUS6Gcl3l0CXeh2Zpi3SbhvOe2rLmkWczHenH4ZIT-1NCEPLPdquZZtmcm2xB52tVMVfV2P9m-Qcc1t2wcCZBVgjywjEvjIOEaJPDh0eAtAvXR0HiJ0QF5igODYq4oqgPl8AQZTOKU:1pXN6B:ynElpayD864nzT_38ODm1xJzQctexsmPKB5ac8jJhdw	2023-03-15 15:06:27.324696+01
naw652h6xynzb33ol5o9zrsvmd3gctkd	.eJxVjEsKwjAUAO-StYSkfWmqS_c9Q3g_TVUS6Gcl3l0CXeh2Zpi3SbhvOe2rLmkWczHenH4ZIT-1NCEPLPdquZZtmcm2xB52tVMVfV2P9m-Qcc1t2wcCZBVgjywjEvjIOEaJPDh0eAtAvXR0HiJ0QF5igODYq4oqgPl8AQZTOKU:1pXN7W:5DvNLEsZG3U6DjS1z-U7Z8uheFVCphIx6Vn2CCLH-S4	2023-03-15 15:07:50.029081+01
wyghnnruvmgw93m1wegurbr3teejebjr	.eJxVjEsKwjAUAO-StYSkfWmqS_c9Q3g_TVUS6Gcl3l0CXeh2Zpi3SbhvOe2rLmkWczHenH4ZIT-1NCEPLPdquZZtmcm2xB52tVMVfV2P9m-Qcc1t2wcCZBVgjywjEvjIOEaJPDh0eAtAvXR0HiJ0QF5igODYq4oqgPl8AQZTOKU:1pXNCj:9PbDtHipIh05YH_itvwuHCH2ur6uu6owd8ihrXWd1Yo	2023-03-15 15:13:13.728721+01
79l9i30f87vkit0f3lvy9qxzaxvkc4ta	.eJxVjEsKwjAUAO-StYSkfWmqS_c9Q3g_TVUS6Gcl3l0CXeh2Zpi3SbhvOe2rLmkWczHenH4ZIT-1NCEPLPdquZZtmcm2xB52tVMVfV2P9m-Qcc1t2wcCZBVgjywjEvjIOEaJPDh0eAtAvXR0HiJ0QF5igODYq4oqgPl8AQZTOKU:1pXNDG:En1nX0vXoNiV1Qm_H5FZdyVqtibQW06czWBVA9Se2r4	2023-03-15 15:13:46.688032+01
xa55dvge12kwowxtkvsr6noui5juef1a	.eJxVjEsKwjAUAO-StYSkfWmqS_c9Q3g_TVUS6Gcl3l0CXeh2Zpi3SbhvOe2rLmkWczHenH4ZIT-1NCEPLPdquZZtmcm2xB52tVMVfV2P9m-Qcc1t2wcCZBVgjywjEvjIOEaJPDh0eAtAvXR0HiJ0QF5igODYq4oqgPl8AQZTOKU:1pXNE7:6xdYrL-Yg7sPn5SXjqmzxh5DfWsbRj2i9NUGJ1DfLas	2023-03-15 15:14:39.648113+01
\.


--
-- Data for Name: sites_page; Type: TABLE DATA; Schema: public; Owner: postgres
--

COPY public.sites_page (name, address, menu_position, created_at, last_modified, website_id) FROM stdin;
Contact	contact	6	2023-01-15 16:22:02.854944+01	2023-01-17 13:02:35.422045+01	1
Our Customers	customers	5	2023-01-15 15:49:42.538452+01	2023-01-17 13:02:36.893045+01	1
Front	/	4	2023-01-10 13:43:39.960367+01	2023-01-17 13:02:37.985566+01	1
Contact2	contact2	7	2023-03-01 12:40:21.43757+01	2023-03-01 12:40:21.43757+01	1
Contact23	contact23	7	2023-03-01 12:58:55.209427+01	2023-03-01 12:58:55.209427+01	1
\.


--
-- Data for Name: sites_section; Type: TABLE DATA; Schema: public; Owner: postgres
--

COPY public.sites_section (id, name, html_content, created_at, last_modified, page_id, page_position) FROM stdin;
8	Front-1	<section class="py-7 py-md-0 " id="home">\n<div class="container">\n<div class="row vh-md-100">\n<div class="col-md-8 col-sm-10 col-12 mx-auto my-auto text-center">\n<h1 class="heading-black text-capitalize">Quickly build landing pages with Knight</h1>\n\n<p class="lead py-3">Knight is a platform that helps freelancers and companies build beautiful landing pages in minutes. Sign up for free.</p>\n<a class="btn btn-primary d-inline-flex flex-row align-items-center" href="/">Get started now </a></div>\n</div>\n</div>\n</section>	2023-01-10 13:36:43.913603+01	2023-01-10 13:43:49.665967+01	Front	0
9	Front-2	<section class="pt-6 pb-7" id="features">\n<div class="container">\n<div class="row">\n<div class="col-md-6 mx-auto text-center">\n<h2 class="heading-black">Knight offers everything you need.</h2>\n\n<p class="text-muted lead">Lorem ipsum dolor sit amet, consectetur adipiscing elit. Vestibulum in nisi commodo, tempus odio a, vestibulum nibh.</p>\n</div>\n</div>\n\n<div class="row mt-5">\n<div class="col-md-10 mx-auto">\n<div class="row feature-boxes">\n<div class="col-md-6 box">\n<div class="icon-box box-primary">\n<div class="icon-box-inner">⌚</div>\n</div>\n\n<h5>Create once. Share everywhere.</h5>\n\n<p class="text-muted">Lorem ipsum dolor sit amet, consectetur adipiscing elit. Vestibulum in nisi commodo, tempus odio a, vestibulum nibh.</p>\n</div>\n\n<div class="col-md-6 box">\n<div class="icon-box box-success">\n<div class="icon-box-inner">⏳</div>\n</div>\n\n<h5>Unlimited devices</h5>\n\n<p class="text-muted">Lorem ipsum dolor sit amet, consectetur adipiscing elit. Vestibulum in nisi commodo, tempus odio a, vestibulum nibh.</p>\n</div>\n\n<div class="col-md-6 box">\n<div class="icon-box box-info">\n<div class="icon-box-inner">⚡</div>\n</div>\n\n<h5>Beautiful tempates &amp; layouts</h5>\n\n<p class="text-muted">Lorem ipsum dolor sit amet, consectetur adipiscing elit. Vestibulum in nisi commodo, tempus odio a, vestibulum nibh.</p>\n</div>\n\n<div class="col-md-6 box">\n<div class="icon-box box-info">\n<div class="icon-box-inner">☕</div>\n</div>\n\n<h5>Available globally</h5>\n\n<p class="text-muted">Lorem ipsum dolor sit amet, consectetur adipiscing elit. Vestibulum in nisi commodo, tempus odio a, vestibulum nibh.</p>\n</div>\n</div>\n</div>\n</div>\n\n<div class="row mt-6">\n<div class="col-md-6 mr-auto">\n<h2>Knight is more than just a page builder.</h2>\n\n<p class="mb-5">Lorem ipsum dolor sit amet, consectetur adipiscing elit. Nulla convallis pulvinar vestibulum. Donec eleifend, sem sed dictum mattis, turpis purus placerat eros.</p>\n<a class="btn btn-light" href="#">Try the live demo </a></div>\n\n<div class="col-md-5">\n<div class="slick-about"><img alt="Work 1" class="img-fluid rounded d-block mx-auto" src="assets/blog-1.jpg" /> <!--<img src="assets/blog-2.jpg" class="img-fluid rounded d-block mx-auto" alt="Work 2"/>\n                  <img src="assets/blog-3.jpg" class="img-fluid rounded d-block mx-auto" alt="Work 3"/>--></div>\n</div>\n</div>\n</div>\n</section>	2023-01-10 13:37:29.607556+01	2023-01-10 13:43:51.489653+01	Front	1
12	Front-5	<section class="py-7  top-left bottom-left" id="blog">\n<div class="container">\n<div class="row">\n<div class="col-md-6 mx-auto text-center">\n<h2 class="heading-black">News from Knight.</h2>\n\n<p class="text-muted lead">What&#39;s new at Knight.</p>\n</div>\n</div>\n\n<div class="row mt-5">\n<div class="col-md-4">\n<div class="card"><a href="#"><img alt="Blog 1" class="card-img-top img-raised" src="assets/blog-1.jpg" /> </a>\n\n<div class="card-body">\n<h5><a class="card-title mb-2" href="#">What&#39;s new at Knight.</a></h5>\n\n<p class="text-muted small-xl mb-2">Sep 27, 2018</p>\n\n<p class="card-text">Nam liber tempor cum soluta nobis eleifend option congue nihil imper, consectetur adipiscing elit.<a href="#">Learn more</a></p>\n</div>\n</div>\n</div>\n\n<div class="col-md-4">\n<div class="card"><a href="#"><img alt="Blog 2" class="card-img-top img-raised" src="assets/blog-2.jpg" /> </a>\n\n<div class="card-body">\n<h5><a class="card-title mb-2" href="#">New update is available for the editor</a></h5>\n\n<p class="text-muted small-xl mb-2">August 16, 2018</p>\n\n<p class="card-text">Nam liber tempor cum soluta nobis eleifend option congue nihil imper, consectetur adipiscing elit.<a href="#">Learn more</a></p>\n</div>\n</div>\n</div>\n\n<div class="col-md-4">\n<div class="card"><a href="#"><img alt="Blog 3" class="card-img-top img-raised" src="assets/blog-3.jpg" /> </a>\n\n<div class="card-body">\n<h5><a class="card-title mb-2" href="#">The story of building #1 page builder}</a></h5>\n\n<p class="text-muted small-xl mb-2">December 2nd, 2017&quot;</p>\n\n<p class="card-text">Nam liber tempor cum soluta nobis eleifend option congue nihil imper, consectetur adipiscing elit.<a href="#">Learn more</a></p>\n</div>\n</div>\n</div>\n</div>\n\n<div class="row mt-6">\n<div class="col-md-6 mx-auto text-center"><a class="btn btn-primary" href="#">View all posts</a></div>\n</div>\n</div>\n</section>	2023-01-10 13:39:09.549205+01	2023-01-15 15:38:29.402548+01	Front	5
13	Front-6	<footer class="py-6">\n<div class="container">\n<div class="row">\n<div class="col-sm-5 mr-auto">\n<h5>About Knight</h5>\n\n<p class="text-muted">Magnis modipsae que voloratati andigen daepeditem quiate conecus aut labore. Laceaque quiae sitiorem rest non restibusaes maio es dem tumquam explabo.</p>\n\n<ul class="list-inline social social-sm">\n\t<li class="list-inline-item"></li>\n\t<li class="list-inline-item"></li>\n\t<li class="list-inline-item"></li>\n\t<li class="list-inline-item"></li>\n</ul>\n</div>\n\n<div class="col-sm-2">\n<h5>Legal</h5>\n\n<ul class="list-unstyled">\n\t<li><a href="#">Privacy</a></li>\n\t<li><a href="#">Terms</a></li>\n\t<li><a href="#">Refund policy</a></li>\n</ul>\n</div>\n\n<div class="col-sm-2">\n<h5>Partner</h5>\n\n<ul class="list-unstyled">\n\t<li><a href="#">Refer a friend</a></li>\n\t<li><a href="#">Affiliates</a></li>\n</ul>\n</div>\n\n<div class="col-sm-2">\n<h5>Help</h5>\n\n<ul class="list-unstyled">\n\t<li><a href="#">Support</a></li>\n\t<li><a href="#">Log in</a></li>\n</ul>\n</div>\n</div>\n\n<div class="row mt-5">\n<div class="col-12 text-muted text-center small-xl">&copy; 2019 Knight - All Rights Reserved</div>\n</div>\n</div>\n</footer>	2023-01-10 13:40:39.760036+01	2023-01-15 15:38:27.222016+01	Front	6
19	Our customers 1	<p>&nbsp;</p>\n\n<h1 style="text-align: center;"><span style="font-size:72px;">Nasi klienci</span></h1>\n\n<p>&nbsp;</p>\n\n<table align="center" border="0" cellpadding="1" cellspacing="1" style="height:100px;width:80%;">\n\t<tbody>\n\t\t<tr>\n\t\t\t<td style="text-align: center;"><img alt="" src="https://static6.depositphotos.com/1005993/633/v/450/depositphotos_6338152-stock-illustration-real-estate-logo.jpg" style="width: 150px; height: 132px;" /></td>\n\t\t\t<td style="text-align: center;"><img alt="" src="https://www.logomaker.com/wpstatic/uploads/2021/10/LogoMaker.jpg" style="width: 150px; height: 150px;" /></td>\n\t\t\t<td style="text-align: center;"><img alt="" src="https://www.pngitem.com/pimgs/m/485-4852378_sample-logo-png-transparent-png.png" style="width: 150px; height: 83px;" /></td>\n\t\t</tr>\n\t</tbody>\n</table>\n\n<p>&nbsp;</p>	2023-01-15 15:48:52.826928+01	2023-01-15 16:21:30.29466+01	Our Customers	0
10	Front-3	<section class="py-7 top-right bottom-right" id="pricing">\n<div class="container">\n<div class="row">\n<div class="col-md-6 mx-auto text-center">\n<h2 class="text-white heading-black">Choose your pricing plan.</h2>\n\n<p class="text-light lead">Simply pricing - 7 Days free trial&quot;</p>\n</div>\n</div>\n<!--pricing tables-->\n\n<div class="row pt-5 pricing-table">\n<div class="col-12 mx-auto">\n<div class="card-deck pricing-table">\n<div class="card">\n<div class="card-body">\n<h3 class="card-title pt-3">Personal</h3>\n\n<h2 class="card-title text-primary mb-0 pt-4">$59</h2>\n\n<div class="text-muted font-weight-medium mt-2">per month</div>\n\n<ul class="list-unstyled pricing-list">\n\t<li>1 user</li>\n\t<li>10 websites</li>\n\t<li>Access to premium templates</li>\n\t<li>Basic support</li>\n</ul>\n<a class="btn btn-primary" href="#">Start free trial </a></div>\n</div>\n\n<div class="card">\n<div class="card-body">\n<h3 class="card-title pt-3">Agency</h3>\n\n<h2 class="card-title text-info mb-0 pt-4">$159</h2>\n\n<div class="text-muted font-weight-medium mt-2">per month</div>\n\n<ul class="list-unstyled pricing-list">\n\t<li>2-15 users</li>\n\t<li>50 websites</li>\n\t<li>Access to premium templates</li>\n\t<li>Priority support</li>\n</ul>\n<a class="btn btn-info" href="#">Start free trial </a></div>\n</div>\n\n<div class="card">\n<div class="card-body">\n<h3 class="card-title pt-3">Enterprise</h3>\n\n<h2 class="card-title text-primary mb-0 pt-4">$499</h2>\n\n<div class="text-muted font-weight-medium mt-2">per month</div>\n\n<ul class="list-unstyled pricing-list">\n\t<li>Unlimited users</li>\n\t<li>Unlimited websites</li>\n\t<li>Access to premium templates</li>\n\t<li>24/7 support</li>\n</ul>\n<a class="btn btn-primary" href="#">Start free trial </a></div>\n</div>\n</div>\n</div>\n</div>\n\n<div class="row mt-6">\n<div class="col-md-4 mr-auto">\n<h3>Everything is covered.</h3>\n\n<p class="lead">Lorem ipsum dolor sit amet, consectetur adipiscing elit. Vestibulum in nisi commodo, tempus odio a,vestibulum nibh.</p>\n</div>\n\n<div class="col-md-7 offset-md-1">\n<ul class="features-list">\n\t<li>Weekly new templates</li>\n\t<li>MailChimp integration</li>\n\t<li>100 refund guarantee</li>\n\t<li>Free unlimited support</li>\n\t<li>Access to new features</li>\n\t<li>Stripe integration</li>\n\t<li>Advance SEO tools</li>\n</ul>\n</div>\n</div>\n\n<div class="row mt-5">\n<div class="col-md-8 col-12 divider top-divider mx-auto pt-5 text-center">\n<h3>Try Knight free for 7 days</h3>\n\n<p class="mb-4">Lorem ipsum dolor sit amet, consectetur adipiscing elit. Vestibulum in nisi commodo, tempus odio a, vestibulum nibh.</p>\n<a class="btn btn-primary">Create your account</a></div>\n</div>\n</div>\n</section>	2023-01-10 13:38:03.135567+01	2023-01-10 14:30:58.326213+01	Front	2
21	Contact 1	<h1 style="text-align: center; font-size: 36px;">&nbsp;</h1>\n\n<h1 style="text-align: center; font-size: 36px;">📞 Contact Us</h1>\n\n<p>&nbsp;</p>\n\n<table align="center" border="0" style="border-collapse:collapse;width:80%;">\n\t<tbody>\n\t\t<tr>\n\t\t\t<td style="width: 50%; padding: 10px; font-size: 24px;">\n\t\t\t<h2 style="text-align: center;">📧 Contact Information</h2>\n\n\t\t\t<p style="text-align: center;"><span style="color:#dddddd;">Email: contact@example.com</span></p>\n\n\t\t\t<p style="text-align: center;"><span style="color:#dddddd;">Phone: 555-555-5555</span></p>\n\n\t\t\t<p style="text-align: center;"><span style="color:#dddddd;">Address: 123 Main St, Anytown USA</span></p>\n\t\t\t</td>\n\t\t\t<td style="width: 50%; padding: 10px; font-size: 24px;">\n\t\t\t<h2 style="text-align: center;">🕰️ Business Hours</h2>\n\n\t\t\t<p style="text-align: center;"><span style="color:#dddddd;">Monday-Friday: 9am-5pm</span></p>\n\n\t\t\t<p style="text-align: center;"><span style="color:#dddddd;">Saturday: 🚪 Closed</span></p>\n\n\t\t\t<p style="text-align: center;"><span style="color:#dddddd;">Sunday: 🚪 Closed</span></p>\n\t\t\t</td>\n\t\t</tr>\n\t</tbody>\n</table>	2023-01-15 16:28:59.174049+01	2023-01-15 16:34:42.047132+01	Contact	0
18	Front-4	<section class="py-7" id="faq">\n<div class="container">\n<div class="row">\n<div class="col-md-6 mx-auto text-center">\n<h2>Frequently asked questions</h2>\n\n<p class="text-muted lead">Answers to most common questions.</p>\n</div>\n</div>\n\n<div class="row mt-5">\n<div class="col-md-10 mx-auto">\n<div class="row">\n<div class="col-md-6 mb-5">\n<h6>Can I try it for free?</h6>\n\n<p class="text-muted">Nam liber tempor cum soluta nobis eleifend option congue nihil imper per tem por legere me doming.</p>\n</div>\n\n<div class="col-md-6 mb-5">\n<h6>Do you have hidden fees?</h6>\n\n<p class="text-muted">Nam liber tempor cum soluta nobis eleifend option congue nihil imper per tem por legere me doming.</p>\n</div>\n\n<div class="col-md-6 mb-5">\n<h6>What are the payment methods you accept?&quot;</h6>\n\n<p class="text-muted">Nam liber tempor cum soluta nobis eleifend option congue nihil imper per tem por legere me doming.</p>\n</div>\n\n<div class="col-md-6 mb-5">\n<h6>How often do you release updates?</h6>\n\n<p class="text-muted">Nam liber tempor cum soluta nobis eleifend option congue nihil imper per tem por legere me doming.</p>\n</div>\n\n<div class="col-md-6 mb-5">\n<h6>What is your refund policy?</h6>\n\n<p class="text-muted">Nam liber tempor cum soluta nobis eleifend option congue nihil imper per tem por legere me doming.</p>\n</div>\n\n<div class="col-md-6 mb-5">\n<h6>How can I contact you?</h6>\n\n<p class="text-muted">Nam liber tempor cum soluta nobis eleifend option congue nihil imper per tem por legere me doming.</p>\n</div>\n</div>\n</div>\n</div>\n\n<div class="row mt-4">\n<div class="col-md-6 mx-auto text-center">\n<h5 class="mb-4">Have questions?</h5>\n<a class="btn btn-primary" href="#">Contact us</a></div>\n</div>\n</div>\n</section>	2023-01-15 15:38:02.887423+01	2023-01-15 15:38:29.456579+01	Front	4
20	Our customers 2	<table align="center" border="0" cellpadding="1" cellspacing="1" style="width:80%;">\n\t<tbody>\n\t\t<tr>\n\t\t\t<td style="text-align: center;">\n\t\t\t<h2 style="font-style:italic;">&nbsp;</h2>\n\n\t\t\t<h2 style="font-style:italic;">&nbsp;</h2>\n\n\t\t\t<p>&nbsp;</p>\n\n\t\t\t<p>&nbsp;</p>\n\n\t\t\t<h2 style="font-style:italic;"><img alt="" src="https://img.freepik.com/free-photo/handsome-confident-smiling-man-with-hands-crossed-chest_176420-18743.jpg?w=2000" style="width: 500px; height: 333px;" /></h2>\n\n\t\t\t<h2 style="font-style:italic;">&quot;Lorem ipsum dolor sit amet, consectetur adipiscing elit. Pellentesque quis nisi at nisi eleifend imperdiet. Sed lobortis mollis elit, a eleifend dui sollicitudin vel. Sed porttitor, diam vel varius volutpat, massa urna interdum mauris, non imperdiet nulla est vel purus. Maecenas auctor magna et porta facilisis. Phasellus massa nisi, sodales ut faucibus nec, consequat non erat. Sed luctus lectus eu erat mattis vulputate. Nam vehicula ut sem ut vestibulum. In egestas luctus elit et efficitur. Ut aliquet odio sit amet nisl sagittis pretium. Sed bibendum, neque quis gravida egestas, ipsum tortor efficitur erat, sit amet eleifend velit diam sit amet elit. Fusce nec enim condimentum, finibus leo dignissim, rhoncus lacus. Fusce eleifend imperdiet venenatis.&quot;</h2>\n\n\t\t\t<h1>~Dyrector firmy</h1>\n\t\t\t</td>\n\t\t</tr>\n\t</tbody>\n</table>\n\n<p>&nbsp;</p>	2023-01-15 16:18:43.217734+01	2023-01-15 16:21:14.819116+01	Our Customers	1
\.


--
-- Data for Name: sites_website; Type: TABLE DATA; Schema: public; Owner: postgres
--

COPY public.sites_website (id, name, background) FROM stdin;
2	test2	#222222
1	test1	#000000
\.


--
-- Data for Name: users_profile; Type: TABLE DATA; Schema: public; Owner: postgres
--

COPY public.users_profile (id, user_id, website_id) FROM stdin;
\.


--
-- Name: auth_group_id_seq; Type: SEQUENCE SET; Schema: public; Owner: postgres
--

SELECT pg_catalog.setval('public.auth_group_id_seq', 1, false);


--
-- Name: auth_group_permissions_id_seq; Type: SEQUENCE SET; Schema: public; Owner: postgres
--

SELECT pg_catalog.setval('public.auth_group_permissions_id_seq', 1, false);


--
-- Name: auth_permission_id_seq; Type: SEQUENCE SET; Schema: public; Owner: postgres
--

SELECT pg_catalog.setval('public.auth_permission_id_seq', 52, true);


--
-- Name: auth_user_groups_id_seq; Type: SEQUENCE SET; Schema: public; Owner: postgres
--

SELECT pg_catalog.setval('public.auth_user_groups_id_seq', 1, false);


--
-- Name: auth_user_id_seq; Type: SEQUENCE SET; Schema: public; Owner: postgres
--

SELECT pg_catalog.setval('public.auth_user_id_seq', 1, true);


--
-- Name: auth_user_user_permissions_id_seq; Type: SEQUENCE SET; Schema: public; Owner: postgres
--

SELECT pg_catalog.setval('public.auth_user_user_permissions_id_seq', 1, false);


--
-- Name: django_admin_log_id_seq; Type: SEQUENCE SET; Schema: public; Owner: postgres
--

SELECT pg_catalog.setval('public.django_admin_log_id_seq', 1, false);


--
-- Name: django_content_type_id_seq; Type: SEQUENCE SET; Schema: public; Owner: postgres
--

SELECT pg_catalog.setval('public.django_content_type_id_seq', 13, true);


--
-- Name: django_migrations_id_seq; Type: SEQUENCE SET; Schema: public; Owner: postgres
--

SELECT pg_catalog.setval('public.django_migrations_id_seq', 28, true);


--
-- Name: sites_section_id_seq; Type: SEQUENCE SET; Schema: public; Owner: postgres
--

SELECT pg_catalog.setval('public.sites_section_id_seq', 24, true);


--
-- Name: sites_website_id_seq; Type: SEQUENCE SET; Schema: public; Owner: postgres
--

SELECT pg_catalog.setval('public.sites_website_id_seq', 2, true);


--
-- Name: users_profile_id_seq; Type: SEQUENCE SET; Schema: public; Owner: postgres
--

SELECT pg_catalog.setval('public.users_profile_id_seq', 1, false);


--
-- Name: auth_group auth_group_name_key; Type: CONSTRAINT; Schema: public; Owner: postgres
--

ALTER TABLE ONLY public.auth_group
    ADD CONSTRAINT auth_group_name_key UNIQUE (name);


--
-- Name: auth_group_permissions auth_group_permissions_group_id_permission_id_0cd325b0_uniq; Type: CONSTRAINT; Schema: public; Owner: postgres
--

ALTER TABLE ONLY public.auth_group_permissions
    ADD CONSTRAINT auth_group_permissions_group_id_permission_id_0cd325b0_uniq UNIQUE (group_id, permission_id);


--
-- Name: auth_group_permissions auth_group_permissions_pkey; Type: CONSTRAINT; Schema: public; Owner: postgres
--

ALTER TABLE ONLY public.auth_group_permissions
    ADD CONSTRAINT auth_group_permissions_pkey PRIMARY KEY (id);


--
-- Name: auth_group auth_group_pkey; Type: CONSTRAINT; Schema: public; Owner: postgres
--

ALTER TABLE ONLY public.auth_group
    ADD CONSTRAINT auth_group_pkey PRIMARY KEY (id);


--
-- Name: auth_permission auth_permission_content_type_id_codename_01ab375a_uniq; Type: CONSTRAINT; Schema: public; Owner: postgres
--

ALTER TABLE ONLY public.auth_permission
    ADD CONSTRAINT auth_permission_content_type_id_codename_01ab375a_uniq UNIQUE (content_type_id, codename);


--
-- Name: auth_permission auth_permission_pkey; Type: CONSTRAINT; Schema: public; Owner: postgres
--

ALTER TABLE ONLY public.auth_permission
    ADD CONSTRAINT auth_permission_pkey PRIMARY KEY (id);


--
-- Name: auth_user_groups auth_user_groups_pkey; Type: CONSTRAINT; Schema: public; Owner: postgres
--

ALTER TABLE ONLY public.auth_user_groups
    ADD CONSTRAINT auth_user_groups_pkey PRIMARY KEY (id);


--
-- Name: auth_user_groups auth_user_groups_user_id_group_id_94350c0c_uniq; Type: CONSTRAINT; Schema: public; Owner: postgres
--

ALTER TABLE ONLY public.auth_user_groups
    ADD CONSTRAINT auth_user_groups_user_id_group_id_94350c0c_uniq UNIQUE (user_id, group_id);


--
-- Name: auth_user auth_user_pkey; Type: CONSTRAINT; Schema: public; Owner: postgres
--

ALTER TABLE ONLY public.auth_user
    ADD CONSTRAINT auth_user_pkey PRIMARY KEY (id);


--
-- Name: auth_user_user_permissions auth_user_user_permissions_pkey; Type: CONSTRAINT; Schema: public; Owner: postgres
--

ALTER TABLE ONLY public.auth_user_user_permissions
    ADD CONSTRAINT auth_user_user_permissions_pkey PRIMARY KEY (id);


--
-- Name: auth_user_user_permissions auth_user_user_permissions_user_id_permission_id_14a6b632_uniq; Type: CONSTRAINT; Schema: public; Owner: postgres
--

ALTER TABLE ONLY public.auth_user_user_permissions
    ADD CONSTRAINT auth_user_user_permissions_user_id_permission_id_14a6b632_uniq UNIQUE (user_id, permission_id);


--
-- Name: auth_user auth_user_username_key; Type: CONSTRAINT; Schema: public; Owner: postgres
--

ALTER TABLE ONLY public.auth_user
    ADD CONSTRAINT auth_user_username_key UNIQUE (username);


--
-- Name: authtoken_token authtoken_token_pkey; Type: CONSTRAINT; Schema: public; Owner: postgres
--

ALTER TABLE ONLY public.authtoken_token
    ADD CONSTRAINT authtoken_token_pkey PRIMARY KEY (key);


--
-- Name: authtoken_token authtoken_token_user_id_key; Type: CONSTRAINT; Schema: public; Owner: postgres
--

ALTER TABLE ONLY public.authtoken_token
    ADD CONSTRAINT authtoken_token_user_id_key UNIQUE (user_id);


--
-- Name: django_admin_log django_admin_log_pkey; Type: CONSTRAINT; Schema: public; Owner: postgres
--

ALTER TABLE ONLY public.django_admin_log
    ADD CONSTRAINT django_admin_log_pkey PRIMARY KEY (id);


--
-- Name: django_content_type django_content_type_app_label_model_76bd3d3b_uniq; Type: CONSTRAINT; Schema: public; Owner: postgres
--

ALTER TABLE ONLY public.django_content_type
    ADD CONSTRAINT django_content_type_app_label_model_76bd3d3b_uniq UNIQUE (app_label, model);


--
-- Name: django_content_type django_content_type_pkey; Type: CONSTRAINT; Schema: public; Owner: postgres
--

ALTER TABLE ONLY public.django_content_type
    ADD CONSTRAINT django_content_type_pkey PRIMARY KEY (id);


--
-- Name: django_migrations django_migrations_pkey; Type: CONSTRAINT; Schema: public; Owner: postgres
--

ALTER TABLE ONLY public.django_migrations
    ADD CONSTRAINT django_migrations_pkey PRIMARY KEY (id);


--
-- Name: django_session django_session_pkey; Type: CONSTRAINT; Schema: public; Owner: postgres
--

ALTER TABLE ONLY public.django_session
    ADD CONSTRAINT django_session_pkey PRIMARY KEY (session_key);


--
-- Name: sites_page sites_page_name_e6e7120f_pk; Type: CONSTRAINT; Schema: public; Owner: postgres
--

ALTER TABLE ONLY public.sites_page
    ADD CONSTRAINT sites_page_name_e6e7120f_pk PRIMARY KEY (name);


--
-- Name: sites_section sites_section_pkey; Type: CONSTRAINT; Schema: public; Owner: postgres
--

ALTER TABLE ONLY public.sites_section
    ADD CONSTRAINT sites_section_pkey PRIMARY KEY (id);


--
-- Name: sites_website sites_website_pkey; Type: CONSTRAINT; Schema: public; Owner: postgres
--

ALTER TABLE ONLY public.sites_website
    ADD CONSTRAINT sites_website_pkey PRIMARY KEY (id);


--
-- Name: users_profile users_profile_pkey; Type: CONSTRAINT; Schema: public; Owner: postgres
--

ALTER TABLE ONLY public.users_profile
    ADD CONSTRAINT users_profile_pkey PRIMARY KEY (id);


--
-- Name: users_profile users_profile_user_id_key; Type: CONSTRAINT; Schema: public; Owner: postgres
--

ALTER TABLE ONLY public.users_profile
    ADD CONSTRAINT users_profile_user_id_key UNIQUE (user_id);


--
-- Name: auth_group_name_a6ea08ec_like; Type: INDEX; Schema: public; Owner: postgres
--

CREATE INDEX auth_group_name_a6ea08ec_like ON public.auth_group USING btree (name varchar_pattern_ops);


--
-- Name: auth_group_permissions_group_id_b120cbf9; Type: INDEX; Schema: public; Owner: postgres
--

CREATE INDEX auth_group_permissions_group_id_b120cbf9 ON public.auth_group_permissions USING btree (group_id);


--
-- Name: auth_group_permissions_permission_id_84c5c92e; Type: INDEX; Schema: public; Owner: postgres
--

CREATE INDEX auth_group_permissions_permission_id_84c5c92e ON public.auth_group_permissions USING btree (permission_id);


--
-- Name: auth_permission_content_type_id_2f476e4b; Type: INDEX; Schema: public; Owner: postgres
--

CREATE INDEX auth_permission_content_type_id_2f476e4b ON public.auth_permission USING btree (content_type_id);


--
-- Name: auth_user_groups_group_id_97559544; Type: INDEX; Schema: public; Owner: postgres
--

CREATE INDEX auth_user_groups_group_id_97559544 ON public.auth_user_groups USING btree (group_id);


--
-- Name: auth_user_groups_user_id_6a12ed8b; Type: INDEX; Schema: public; Owner: postgres
--

CREATE INDEX auth_user_groups_user_id_6a12ed8b ON public.auth_user_groups USING btree (user_id);


--
-- Name: auth_user_user_permissions_permission_id_1fbb5f2c; Type: INDEX; Schema: public; Owner: postgres
--

CREATE INDEX auth_user_user_permissions_permission_id_1fbb5f2c ON public.auth_user_user_permissions USING btree (permission_id);


--
-- Name: auth_user_user_permissions_user_id_a95ead1b; Type: INDEX; Schema: public; Owner: postgres
--

CREATE INDEX auth_user_user_permissions_user_id_a95ead1b ON public.auth_user_user_permissions USING btree (user_id);


--
-- Name: auth_user_username_6821ab7c_like; Type: INDEX; Schema: public; Owner: postgres
--

CREATE INDEX auth_user_username_6821ab7c_like ON public.auth_user USING btree (username varchar_pattern_ops);


--
-- Name: authtoken_token_key_10f0b77e_like; Type: INDEX; Schema: public; Owner: postgres
--

CREATE INDEX authtoken_token_key_10f0b77e_like ON public.authtoken_token USING btree (key varchar_pattern_ops);


--
-- Name: django_admin_log_content_type_id_c4bce8eb; Type: INDEX; Schema: public; Owner: postgres
--

CREATE INDEX django_admin_log_content_type_id_c4bce8eb ON public.django_admin_log USING btree (content_type_id);


--
-- Name: django_admin_log_user_id_c564eba6; Type: INDEX; Schema: public; Owner: postgres
--

CREATE INDEX django_admin_log_user_id_c564eba6 ON public.django_admin_log USING btree (user_id);


--
-- Name: django_session_expire_date_a5c62663; Type: INDEX; Schema: public; Owner: postgres
--

CREATE INDEX django_session_expire_date_a5c62663 ON public.django_session USING btree (expire_date);


--
-- Name: django_session_session_key_c0390e0f_like; Type: INDEX; Schema: public; Owner: postgres
--

CREATE INDEX django_session_session_key_c0390e0f_like ON public.django_session USING btree (session_key varchar_pattern_ops);


--
-- Name: sites_page_name_e6e7120f_like; Type: INDEX; Schema: public; Owner: postgres
--

CREATE INDEX sites_page_name_e6e7120f_like ON public.sites_page USING btree (name varchar_pattern_ops);


--
-- Name: sites_page_website_id_2ae9bd6e; Type: INDEX; Schema: public; Owner: postgres
--

CREATE INDEX sites_page_website_id_2ae9bd6e ON public.sites_page USING btree (website_id);


--
-- Name: sites_section_page_id_3299e6c3; Type: INDEX; Schema: public; Owner: postgres
--

CREATE INDEX sites_section_page_id_3299e6c3 ON public.sites_section USING btree (page_id);


--
-- Name: sites_section_page_id_3299e6c3_like; Type: INDEX; Schema: public; Owner: postgres
--

CREATE INDEX sites_section_page_id_3299e6c3_like ON public.sites_section USING btree (page_id varchar_pattern_ops);


--
-- Name: users_profile_website_id_175c57bb; Type: INDEX; Schema: public; Owner: postgres
--

CREATE INDEX users_profile_website_id_175c57bb ON public.users_profile USING btree (website_id);


--
-- Name: auth_group_permissions auth_group_permissio_permission_id_84c5c92e_fk_auth_perm; Type: FK CONSTRAINT; Schema: public; Owner: postgres
--

ALTER TABLE ONLY public.auth_group_permissions
    ADD CONSTRAINT auth_group_permissio_permission_id_84c5c92e_fk_auth_perm FOREIGN KEY (permission_id) REFERENCES public.auth_permission(id) DEFERRABLE INITIALLY DEFERRED;


--
-- Name: auth_group_permissions auth_group_permissions_group_id_b120cbf9_fk_auth_group_id; Type: FK CONSTRAINT; Schema: public; Owner: postgres
--

ALTER TABLE ONLY public.auth_group_permissions
    ADD CONSTRAINT auth_group_permissions_group_id_b120cbf9_fk_auth_group_id FOREIGN KEY (group_id) REFERENCES public.auth_group(id) DEFERRABLE INITIALLY DEFERRED;


--
-- Name: auth_permission auth_permission_content_type_id_2f476e4b_fk_django_co; Type: FK CONSTRAINT; Schema: public; Owner: postgres
--

ALTER TABLE ONLY public.auth_permission
    ADD CONSTRAINT auth_permission_content_type_id_2f476e4b_fk_django_co FOREIGN KEY (content_type_id) REFERENCES public.django_content_type(id) DEFERRABLE INITIALLY DEFERRED;


--
-- Name: auth_user_groups auth_user_groups_group_id_97559544_fk_auth_group_id; Type: FK CONSTRAINT; Schema: public; Owner: postgres
--

ALTER TABLE ONLY public.auth_user_groups
    ADD CONSTRAINT auth_user_groups_group_id_97559544_fk_auth_group_id FOREIGN KEY (group_id) REFERENCES public.auth_group(id) DEFERRABLE INITIALLY DEFERRED;


--
-- Name: auth_user_groups auth_user_groups_user_id_6a12ed8b_fk_auth_user_id; Type: FK CONSTRAINT; Schema: public; Owner: postgres
--

ALTER TABLE ONLY public.auth_user_groups
    ADD CONSTRAINT auth_user_groups_user_id_6a12ed8b_fk_auth_user_id FOREIGN KEY (user_id) REFERENCES public.auth_user(id) DEFERRABLE INITIALLY DEFERRED;


--
-- Name: auth_user_user_permissions auth_user_user_permi_permission_id_1fbb5f2c_fk_auth_perm; Type: FK CONSTRAINT; Schema: public; Owner: postgres
--

ALTER TABLE ONLY public.auth_user_user_permissions
    ADD CONSTRAINT auth_user_user_permi_permission_id_1fbb5f2c_fk_auth_perm FOREIGN KEY (permission_id) REFERENCES public.auth_permission(id) DEFERRABLE INITIALLY DEFERRED;


--
-- Name: auth_user_user_permissions auth_user_user_permissions_user_id_a95ead1b_fk_auth_user_id; Type: FK CONSTRAINT; Schema: public; Owner: postgres
--

ALTER TABLE ONLY public.auth_user_user_permissions
    ADD CONSTRAINT auth_user_user_permissions_user_id_a95ead1b_fk_auth_user_id FOREIGN KEY (user_id) REFERENCES public.auth_user(id) DEFERRABLE INITIALLY DEFERRED;


--
-- Name: authtoken_token authtoken_token_user_id_35299eff_fk_auth_user_id; Type: FK CONSTRAINT; Schema: public; Owner: postgres
--

ALTER TABLE ONLY public.authtoken_token
    ADD CONSTRAINT authtoken_token_user_id_35299eff_fk_auth_user_id FOREIGN KEY (user_id) REFERENCES public.auth_user(id) DEFERRABLE INITIALLY DEFERRED;


--
-- Name: django_admin_log django_admin_log_content_type_id_c4bce8eb_fk_django_co; Type: FK CONSTRAINT; Schema: public; Owner: postgres
--

ALTER TABLE ONLY public.django_admin_log
    ADD CONSTRAINT django_admin_log_content_type_id_c4bce8eb_fk_django_co FOREIGN KEY (content_type_id) REFERENCES public.django_content_type(id) DEFERRABLE INITIALLY DEFERRED;


--
-- Name: django_admin_log django_admin_log_user_id_c564eba6_fk_auth_user_id; Type: FK CONSTRAINT; Schema: public; Owner: postgres
--

ALTER TABLE ONLY public.django_admin_log
    ADD CONSTRAINT django_admin_log_user_id_c564eba6_fk_auth_user_id FOREIGN KEY (user_id) REFERENCES public.auth_user(id) DEFERRABLE INITIALLY DEFERRED;


--
-- Name: sites_page sites_page_website_id_2ae9bd6e_fk_sites_website_id; Type: FK CONSTRAINT; Schema: public; Owner: postgres
--

ALTER TABLE ONLY public.sites_page
    ADD CONSTRAINT sites_page_website_id_2ae9bd6e_fk_sites_website_id FOREIGN KEY (website_id) REFERENCES public.sites_website(id) DEFERRABLE INITIALLY DEFERRED;


--
-- Name: sites_section sites_section_page_id_3299e6c3_fk_sites_page_name; Type: FK CONSTRAINT; Schema: public; Owner: postgres
--

ALTER TABLE ONLY public.sites_section
    ADD CONSTRAINT sites_section_page_id_3299e6c3_fk_sites_page_name FOREIGN KEY (page_id) REFERENCES public.sites_page(name) DEFERRABLE INITIALLY DEFERRED;


--
-- Name: users_profile users_profile_user_id_2112e78d_fk_auth_user_id; Type: FK CONSTRAINT; Schema: public; Owner: postgres
--

ALTER TABLE ONLY public.users_profile
    ADD CONSTRAINT users_profile_user_id_2112e78d_fk_auth_user_id FOREIGN KEY (user_id) REFERENCES public.auth_user(id) DEFERRABLE INITIALLY DEFERRED;


--
-- Name: users_profile users_profile_website_id_175c57bb_fk_sites_website_id; Type: FK CONSTRAINT; Schema: public; Owner: postgres
--

ALTER TABLE ONLY public.users_profile
    ADD CONSTRAINT users_profile_website_id_175c57bb_fk_sites_website_id FOREIGN KEY (website_id) REFERENCES public.sites_website(id) DEFERRABLE INITIALLY DEFERRED;


--
-- PostgreSQL database dump complete
--

